radius,%_gp_captured,%_pface_covered,SC3PA,total_gp
100,0.17073,0.16751,1.01924,82.0
160,0.40244,0.33838,1.18931,82.0
220,0.53659,0.5086,1.05502,82.0
280,0.67073,0.66497,1.00866,82.0
340,0.82927,0.78582,1.05529,82.0
400,0.86585,0.871,0.9941,82.0
460,0.92683,0.92748,0.9993,82.0
520,0.9878,0.96275,1.02603,82.0
580,1.0,0.98388,1.01639,82.0
640,1.0,0.99659,1.00342,82.0
700,1.0,0.99991,1.00009,82.0
