radius,%_gp_captured,%_pface_covered,SC3PA,total_gp
100,0.67542,0.65585,1.02984,419.0
160,0.92363,0.92476,0.99877,419.0
220,0.99761,0.98852,1.0092,419.0
280,1.0,0.9994,1.0006,419.0
340,1.0,1.0,1.0,419.0
400,1.0,1.0,1.0,419.0
460,1.0,1.0,1.0,419.0
520,1.0,1.0,1.0,419.0
580,1.0,1.0,1.0,419.0
640,1.0,1.0,1.0,419.0
700,1.0,1.0,1.0,419.0
