radius,%_gp_captured,%_pface_covered,SC3PA,total_gp
100,0.67943,0.65585,1.03595,418.0
160,0.93541,0.92476,1.01151,418.0
220,0.98325,0.98852,0.99468,418.0
280,1.0,0.9994,1.0006,418.0
340,1.0,1.0,1.0,418.0
400,1.0,1.0,1.0,418.0
460,1.0,1.0,1.0,418.0
520,1.0,1.0,1.0,418.0
580,1.0,1.0,1.0,418.0
640,1.0,1.0,1.0,418.0
700,1.0,1.0,1.0,418.0
