radius,%_gp_captured,%_pface_covered,SC3PA,total_gp
100,0.31707,0.26505,1.19627,82.0
160,0.54878,0.50926,1.0776,82.0
220,0.78049,0.70571,1.10597,82.0
280,0.87805,0.84783,1.03564,82.0
340,0.92683,0.934,0.99233,82.0
400,0.96341,0.97723,0.98586,82.0
460,0.9878,0.98986,0.99793,82.0
520,1.0,0.99505,1.00498,82.0
580,1.0,0.998,1.00201,82.0
640,1.0,0.99968,1.00032,82.0
700,1.0,1.0,1.0,82.0
