radius,%_gp_captured,%_pface_covered,SC3PA,total_gp
100,0.45679,0.26505,1.7234,81.0
160,0.66667,0.50926,1.30909,81.0
220,0.81481,0.70571,1.15461,81.0
280,0.88889,0.84783,1.04843,81.0
340,0.95062,0.934,1.0178,81.0
400,1.0,0.97723,1.0233,81.0
460,1.0,0.98986,1.01025,81.0
520,1.0,0.99505,1.00498,81.0
580,1.0,0.998,1.00201,81.0
640,1.0,0.99968,1.00032,81.0
700,1.0,1.0,1.0,81.0
