radius,%_gp_captured,%_pface_covered,SC3PA,total_gp
100,259.90244,237.03833,973.65421,72816.0
160,508.97561,455.74121,991.72585,72816.0
220,693.07317,619.74188,993.07308,72816.0
280,790.53659,735.33672,954.65992,72816.0
340,877.17073,813.3959,957.62421,72816.0
400,877.17073,858.93704,906.85064,72816.0
460,877.17073,878.13848,887.02139,72816.0
520,888.0,886.96552,889.03568,72816.0
580,888.0,888.0,888.0,72816.0
640,888.0,888.0,888.0,72816.0
700,888.0,888.0,888.0,72816.0
