radius,%_gp_captured,%_pface_covered,SC3PA,total_gp
100,230.22222,237.03833,862.4653,71928.0
160,471.40741,455.74121,918.52517,71928.0
220,624.88889,619.74188,895.37492,71928.0
280,756.44444,735.33672,913.4899,71928.0
340,866.07407,813.3959,945.50978,71928.0
400,888.0,858.93704,918.04633,71928.0
460,888.0,878.13848,897.97227,71928.0
520,888.0,886.96552,889.03568,71928.0
580,888.0,888.0,888.0,71928.0
640,888.0,888.0,888.0,71928.0
700,888.0,888.0,888.0,71928.0
