radius,%_gp_captured,%_pface_covered,SC3PA,total_gp
100,0.29268,0.2681,1.09168,82.0
160,0.59756,0.5361,1.11465,82.0
220,0.78049,0.76222,1.02397,82.0
280,0.86585,0.89178,0.97092,82.0
340,0.92683,0.94785,0.97782,82.0
400,0.95122,0.97963,0.971,82.0
460,0.97561,0.99135,0.98412,82.0
520,0.9878,0.99724,0.99054,82.0
580,1.0,0.99986,1.00014,82.0
640,1.0,1.0,1.0,82.0
700,1.0,1.0,1.0,82.0
