radius,%_gp_captured,%_pface_covered,SC3PA,total_gp
100,0.2963,0.2681,1.10515,81.0
160,0.55556,0.5361,1.0363,81.0
220,0.80247,0.76222,1.05281,81.0
280,0.93827,0.89178,1.05213,81.0
340,0.98765,0.94785,1.04199,81.0
400,1.0,0.97963,1.02079,81.0
460,1.0,0.99135,1.00872,81.0
520,1.0,0.99724,1.00277,81.0
580,1.0,0.99986,1.00014,81.0
640,1.0,1.0,1.0,81.0
700,1.0,1.0,1.0,81.0
