radius,%_gp_captured,%_img_covered,LCPI,total_gp
100,0.818577648766328,0.8130712725952638,1.0067723167164524,689
160,0.9738751814223512,0.9844557787037289,0.9892523386928466,689
220,1.0,0.9997222764334768,1.0002778007183295,689
280,1.0,1.0,1.0,689
340,1.0,1.0,1.0,689
400,1.0,1.0,1.0,689
460,1.0,1.0,1.0,689
520,1.0,1.0,1.0,689
580,1.0,1.0,1.0,689
640,1.0,1.0,1.0,689
700,1.0,1.0,1.0,689
