radius,%_gp_captured,%_img_covered,LCPI,total_gp
100,0.8287373004354136,0.8130712725952638,1.019267717810451,689
160,0.9927431059506531,0.9844557787037289,1.0084181813202786,689
220,1.0,0.9997222764334768,1.0002778007183295,689
280,1.0,1.0,1.0,689
340,1.0,1.0,1.0,689
400,1.0,1.0,1.0,689
460,1.0,1.0,1.0,689
520,1.0,1.0,1.0,689
580,1.0,1.0,1.0,689
640,1.0,1.0,1.0,689
700,1.0,1.0,1.0,689
