radius,%_gp_captured,%_pface_covered,SC3PA,total_gp
100,0.30488,0.25313,1.20444,82.0
160,0.45122,0.49068,0.91958,82.0
220,0.67073,0.69113,0.97049,82.0
280,0.81707,0.8338,0.97994,82.0
340,0.93902,0.91796,1.02295,82.0
400,0.97561,0.96755,1.00833,82.0
460,0.9878,0.99017,0.99761,82.0
520,1.0,0.99743,1.00257,82.0
580,1.0,0.9998,1.0002,82.0
640,1.0,1.0,1.0,82.0
700,1.0,1.0,1.0,82.0
