radius,%_gp_captured,%_pface_covered,SC3PA,total_gp
100,0.24691,0.25313,0.97544,81.0
160,0.53086,0.49068,1.0819,81.0
220,0.74074,0.69113,1.07179,81.0
280,0.91358,0.8338,1.09569,81.0
340,0.96296,0.91796,1.04903,81.0
400,1.0,0.96755,1.03354,81.0
460,1.0,0.99017,1.00993,81.0
520,1.0,0.99743,1.00257,81.0
580,1.0,0.9998,1.0002,81.0
640,1.0,1.0,1.0,81.0
700,1.0,1.0,1.0,81.0
