radius,%_gp_captured,%_pface_covered,SC3PA,total_gp
100,0.66348,0.65114,1.01896,419.0
160,0.91885,0.91027,1.00943,419.0
220,0.97375,0.9772,0.99646,419.0
280,0.98807,0.99233,0.9957,419.0
340,0.99523,0.99803,0.99719,419.0
400,1.0,1.0,1.0,419.0
460,1.0,1.0,1.0,419.0
520,1.0,1.0,1.0,419.0
580,1.0,1.0,1.0,419.0
640,1.0,1.0,1.0,419.0
700,1.0,1.0,1.0,419.0
