radius,%_gp_captured,%_pface_covered,SC3PA,total_gp
100,0.61722,0.65114,0.94791,418.0
160,0.91866,0.91027,1.00921,418.0
220,0.98086,0.9772,1.00374,418.0
280,0.99282,0.99233,1.00049,418.0
340,1.0,0.99803,1.00197,418.0
400,1.0,1.0,1.0,418.0
460,1.0,1.0,1.0,418.0
520,1.0,1.0,1.0,418.0
580,1.0,1.0,1.0,418.0
640,1.0,1.0,1.0,418.0
700,1.0,1.0,1.0,418.0
