radius,%_gp_captured,%_pface_covered,SC3PA,total_gp
100,0.03659,0.16751,0.21841,82.0
160,0.2439,0.33838,0.7208,82.0
220,0.52439,0.5086,1.03104,82.0
280,0.64634,0.66497,0.97198,82.0
340,0.78049,0.78582,0.99321,82.0
400,0.86585,0.871,0.9941,82.0
460,0.92683,0.92748,0.9993,82.0
520,0.97561,0.96275,1.01336,82.0
580,0.9878,0.98388,1.00399,82.0
640,0.9878,0.99659,0.99119,82.0
700,1.0,0.99991,1.00009,82.0
