radius,%_gp_captured,%_pface_covered,SC3PA,total_gp
100,0.66587,0.68279,0.97522,419.0
160,0.93556,0.93296,1.00278,419.0
220,0.98807,0.98657,1.00151,419.0
280,0.99761,0.99634,1.00127,419.0
340,1.0,0.99912,1.00088,419.0
400,1.0,1.0,1.0,419.0
460,1.0,1.0,1.0,419.0
520,1.0,1.0,1.0,419.0
580,1.0,1.0,1.0,419.0
640,1.0,1.0,1.0,419.0
700,1.0,1.0,1.0,419.0
