radius,%_gp_captured,%_pface_covered,SC3PA,total_gp
100,0.71053,0.68279,1.04062,418.0
160,0.95694,0.93296,1.0257,418.0
220,0.99282,0.98657,1.00634,418.0
280,1.0,0.99634,1.00367,418.0
340,1.0,0.99912,1.00088,418.0
400,1.0,1.0,1.0,418.0
460,1.0,1.0,1.0,418.0
520,1.0,1.0,1.0,418.0
580,1.0,1.0,1.0,418.0
640,1.0,1.0,1.0,418.0
700,1.0,1.0,1.0,418.0
