radius,%_gp_captured,%_pface_covered,SC3PA,total_gp
100,0.26829,0.27434,0.97794,82.0
160,0.60976,0.53858,1.13215,82.0
220,0.76829,0.73504,1.04523,82.0
280,0.87805,0.86269,1.0178,82.0
340,0.95122,0.93683,1.01536,82.0
400,0.97561,0.9754,1.00021,82.0
460,1.0,0.99233,1.00773,82.0
520,1.0,0.99884,1.00116,82.0
580,1.0,1.0,1.0,82.0
640,1.0,1.0,1.0,82.0
700,1.0,1.0,1.0,82.0
