radius,%_gp_captured,%_pface_covered,SC3PA,total_gp
100,0.33333,0.27434,1.21502,81.0
160,0.61728,0.53858,1.14612,81.0
220,0.80247,0.73504,1.09173,81.0
280,0.92593,0.86269,1.0733,81.0
340,0.96296,0.93683,1.02789,81.0
400,0.98765,0.9754,1.01256,81.0
460,0.98765,0.99233,0.99529,81.0
520,1.0,0.99884,1.00116,81.0
580,1.0,1.0,1.0,81.0
640,1.0,1.0,1.0,81.0
700,1.0,1.0,1.0,81.0
