radius,%_gp_captured,%_pface_covered,SC3PA,total_gp
100,0.21951,0.16751,1.31045,82.0
160,0.39024,0.33838,1.15327,82.0
220,0.5,0.5086,0.98308,82.0
280,0.7439,0.66497,1.1187,82.0
340,0.86585,0.78582,1.10184,82.0
400,0.92683,0.871,1.0641,82.0
460,0.92683,0.92748,0.9993,82.0
520,0.95122,0.96275,0.98803,82.0
580,0.97561,0.98388,0.9916,82.0
640,1.0,0.99659,1.00342,82.0
700,1.0,0.99991,1.00009,82.0
