radius,%_gp_captured,%_pface_covered,SC3PA,total_gp
100,0.68496,0.68221,1.00404,419.0
160,0.91647,0.92581,0.98991,419.0
220,0.98807,0.98661,1.00147,419.0
280,1.0,0.99859,1.00141,419.0
340,1.0,1.0,1.0,419.0
400,1.0,1.0,1.0,419.0
460,1.0,1.0,1.0,419.0
520,1.0,1.0,1.0,419.0
580,1.0,1.0,1.0,419.0
640,1.0,1.0,1.0,419.0
700,1.0,1.0,1.0,419.0
