radius,%_gp_captured,%_pface_covered,SC3PA,total_gp
100,0.66507,0.68221,0.97488,418.0
160,0.92823,0.92581,1.00261,418.0
220,0.99522,0.98661,1.00872,418.0
280,1.0,0.99859,1.00141,418.0
340,1.0,1.0,1.0,418.0
400,1.0,1.0,1.0,418.0
460,1.0,1.0,1.0,418.0
520,1.0,1.0,1.0,418.0
580,1.0,1.0,1.0,418.0
640,1.0,1.0,1.0,418.0
700,1.0,1.0,1.0,418.0
