radius,%_gp_captured,%_pface_covered,SC3PA,total_gp
100,0.21951,0.2527,0.86868,82.0
160,0.52439,0.48898,1.07241,82.0
220,0.71951,0.69485,1.03549,82.0
280,0.85366,0.84179,1.0141,82.0
340,0.90244,0.91479,0.98649,82.0
400,0.93902,0.95114,0.98726,82.0
460,0.93902,0.97659,0.96153,82.0
520,0.9878,0.99317,0.9946,82.0
580,1.0,0.99839,1.00161,82.0
640,1.0,0.99997,1.00003,82.0
700,1.0,1.0,1.0,82.0
