radius,%_gp_captured,%_pface_covered,SC3PA,total_gp
100,0.40741,0.2527,1.61224,81.0
160,0.61728,0.48898,1.26238,81.0
220,0.77778,0.69485,1.11934,81.0
280,0.83951,0.84179,0.99728,81.0
340,0.85185,0.91479,0.93119,81.0
400,0.91358,0.95114,0.96051,81.0
460,0.92593,0.97659,0.94812,81.0
520,0.98765,0.99317,0.99445,81.0
580,0.98765,0.99839,0.98925,81.0
640,1.0,0.99997,1.00003,81.0
700,1.0,1.0,1.0,81.0
