radius,%_gp_captured,%_pface_covered,SC3PA,total_gp
100,0.30488,0.28863,1.05629,82.0
160,0.5,0.54426,0.91869,82.0
220,0.68293,0.74425,0.9176,82.0
280,0.84146,0.86548,0.97226,82.0
340,0.89024,0.92855,0.95874,82.0
400,0.97561,0.95842,1.01793,82.0
460,0.9878,0.9771,1.01095,82.0
520,1.0,0.99007,1.01003,82.0
580,1.0,0.99594,1.00407,82.0
640,1.0,0.99956,1.00044,82.0
700,1.0,1.0,1.0,82.0
