radius,%_gp_captured,%_pface_covered,SC3PA,total_gp
100,0.20988,0.28863,0.72714,81.0
160,0.4321,0.54426,0.79393,81.0
220,0.75309,0.74425,1.01187,81.0
280,0.93827,0.86548,1.08411,81.0
340,0.96296,0.92855,1.03706,81.0
400,0.98765,0.95842,1.0305,81.0
460,0.98765,0.9771,1.0108,81.0
520,1.0,0.99007,1.01003,81.0
580,1.0,0.99594,1.00407,81.0
640,1.0,0.99956,1.00044,81.0
700,1.0,1.0,1.0,81.0
