radius,%_gp_captured,%_pface_covered,SC3PA,total_gp
100,0.66587,0.66906,0.99524,419.0
160,0.91885,0.91833,1.00057,419.0
220,0.98091,0.98566,0.99518,419.0
280,0.99761,0.99794,0.99967,419.0
340,1.0,0.99985,1.00015,419.0
400,1.0,1.0,1.0,419.0
460,1.0,1.0,1.0,419.0
520,1.0,1.0,1.0,419.0
580,1.0,1.0,1.0,419.0
640,1.0,1.0,1.0,419.0
700,1.0,1.0,1.0,419.0
