radius,%_gp_captured,%_pface_covered,SC3PA,total_gp
100,0.70335,0.66906,1.05126,418.0
160,0.94258,0.91833,1.02641,418.0
220,0.98804,0.98566,1.00241,418.0
280,0.99522,0.99794,0.99727,418.0
340,1.0,0.99985,1.00015,418.0
400,1.0,1.0,1.0,418.0
460,1.0,1.0,1.0,418.0
520,1.0,1.0,1.0,418.0
580,1.0,1.0,1.0,418.0
640,1.0,1.0,1.0,418.0
700,1.0,1.0,1.0,418.0
