radius,%_gp_captured,%_pface_covered,SC3PA,total_gp
100,0.14814814814814814,0.09918886245355926,1.4935966043315787,81
160,0.20987654320987653,0.21516100039263597,0.9754395212277499,81
220,0.3333333333333333,0.3496835858519549,0.9532427223348602,81
280,0.4074074074074074,0.48046920309369856,0.8479365686377967,81
340,0.4691358024691358,0.5867676231146737,0.7995257133971948,81
400,0.5185185185185185,0.6658010342515447,0.7787889952760546,81
460,0.6296296296296297,0.7260877143396489,0.8671536746800014,81
520,0.7037037037037037,0.7753916142411144,0.9075461879897005,81
580,0.7283950617283951,0.8144626500633407,0.8943259235665967,81
640,0.7901234567901234,0.8488308069754811,0.9308373945633037,81
700,0.8888888888888888,0.8794216775997556,1.0107652694154328,81
100,0.1951219512195122,0.18065293633059937,1.080092885190829,82
160,0.3170731707317073,0.36646913569015543,0.8652111183512826,82
220,0.43902439024390244,0.51853855885849,0.8466571728250453,82
280,0.5487804878048781,0.6342808493370228,0.8652010988168517,82
340,0.6097560975609756,0.7085394293152896,0.8605817437008761,82
400,0.6829268292682927,0.7525165195539539,0.9075240363800787,82
460,0.7439024390243902,0.7876055084270626,0.9445114731485915,82
520,0.7926829268292683,0.8173763715294325,0.9697893827613843,82
580,0.8536585365853658,0.8465468055234792,1.0084008716535042,82
640,0.8780487804878049,0.8720728305621724,1.0068525812480364,82
700,0.8780487804878049,0.8957103847563785,0.980282014623089,82
