radius,%_gp_captured,%_pface_covered,SC3PA,total_gp
100,0.25926,0.2646,0.97983,81.0
160,0.53086,0.51648,1.02785,81.0
220,0.69136,0.71516,0.96672,81.0
280,0.82716,0.84912,0.97414,81.0
340,0.90123,0.92509,0.97421,81.0
400,0.95062,0.96206,0.9881,81.0
460,0.96296,0.98226,0.98036,81.0
520,0.98765,0.99343,0.99418,81.0
580,0.98765,0.9974,0.99023,81.0
640,1.0,0.99931,1.00069,81.0
700,1.0,1.0,1.0,81.0
