radius,%_gp_captured,%_pface_covered,SC3PA,total_gp
100,0.10976,0.16751,0.65523,82.0
160,0.35366,0.33838,1.04515,82.0
220,0.60976,0.5086,1.19888,82.0
280,0.71951,0.66497,1.08202,82.0
340,0.82927,0.78582,1.05529,82.0
400,0.90244,0.871,1.0361,82.0
460,0.93902,0.92748,1.01245,82.0
520,0.96341,0.96275,1.00069,82.0
580,0.96341,0.98388,0.9792,82.0
640,0.9878,0.99659,0.99119,82.0
700,1.0,0.99991,1.00009,82.0
