radius,%_gp_captured,%_img_covered,LCPI,total_gp
0.028,0.11764705882352941,0.24441538708781976,0.4813406399052044,17
0.062,0.5882352941176471,0.6966485017604862,0.8443788978676185,17
0.095,0.8823529411764706,0.9075123818428857,0.9722764766963026,17
0.129,0.9411764705882353,0.9906752669949012,0.9500352960695034,17
0.162,1.0,1.0,1.0,17
0.196,1.0,1.0,1.0,17
0.23,1.0,1.0,1.0,17
0.263,1.0,1.0,1.0,17
0.297,1.0,1.0,1.0,17
0.331,1.0,1.0,1.0,17
0.364,1.0,1.0,1.0,17
