radius,%_gp_captured,%_pface_covered,SC3PA,total_gp
100,0.21951,0.25462,0.86212,82.0
160,0.46341,0.49568,0.93491,82.0
220,0.68293,0.6905,0.98903,82.0
280,0.79268,0.81477,0.97289,82.0
340,0.82927,0.89685,0.92464,82.0
400,0.91463,0.95482,0.95791,82.0
460,1.0,0.98822,1.01192,82.0
520,1.0,0.99902,1.00098,82.0
580,1.0,1.0,1.0,82.0
640,1.0,1.0,1.0,82.0
700,1.0,1.0,1.0,82.0
