radius,%_gp_captured,%_pface_covered,SC3PA,total_gp
100,0.25926,0.25462,1.01822,81.0
160,0.50617,0.49568,1.02117,81.0
220,0.82716,0.6905,1.19791,81.0
280,0.87654,0.81477,1.07582,81.0
340,0.96296,0.89685,1.07372,81.0
400,1.0,0.95482,1.04732,81.0
460,1.0,0.98822,1.01192,81.0
520,1.0,0.99902,1.00098,81.0
580,1.0,1.0,1.0,81.0
640,1.0,1.0,1.0,81.0
700,1.0,1.0,1.0,81.0
