radius,%_gp_captured,%_pface_covered,SC3PA,total_gp
100,0.32927,0.25894,1.27161,82.0
160,0.58537,0.51169,1.14399,82.0
220,0.73171,0.72498,1.00928,82.0
280,0.87805,0.86833,1.0112,82.0
340,0.96341,0.93668,1.02854,82.0
400,0.96341,0.96741,0.99587,82.0
460,1.0,0.98375,1.01652,82.0
520,1.0,0.99401,1.00603,82.0
580,1.0,0.99805,1.00196,82.0
640,1.0,0.99972,1.00028,82.0
700,1.0,1.0,1.0,82.0
