radius,%_gp_captured,%_pface_covered,SC3PA,total_gp
100,0.16049,0.25894,0.61982,81.0
160,0.50617,0.51169,0.98922,81.0
220,0.7284,0.72498,1.00471,81.0
280,0.82716,0.86833,0.95259,81.0
340,0.90123,0.93668,0.96216,81.0
400,0.98765,0.96741,1.02093,81.0
460,0.98765,0.98375,1.00397,81.0
520,0.98765,0.99401,0.99361,81.0
580,1.0,0.99805,1.00196,81.0
640,1.0,0.99972,1.00028,81.0
700,1.0,1.0,1.0,81.0
