radius,%_gp_captured,%_pface_covered,SC3PA,total_gp
100,0.68496,0.66681,1.02722,419.0
160,0.89976,0.91039,0.98832,419.0
220,0.9642,0.977,0.9869,419.0
280,0.99284,0.99477,0.99806,419.0
340,1.0,0.99965,1.00035,419.0
400,1.0,1.0,1.0,419.0
460,1.0,1.0,1.0,419.0
520,1.0,1.0,1.0,419.0
580,1.0,1.0,1.0,419.0
640,1.0,1.0,1.0,419.0
700,1.0,1.0,1.0,419.0
