radius,%_gp_captured,%_pface_covered,SC3PA,total_gp
100,0.66029,0.66681,0.99021,418.0
160,0.92105,0.91039,1.01171,418.0
220,0.97129,0.977,0.99416,418.0
280,0.98565,0.99477,0.99083,418.0
340,1.0,0.99965,1.00035,418.0
400,1.0,1.0,1.0,418.0
460,1.0,1.0,1.0,418.0
520,1.0,1.0,1.0,418.0
580,1.0,1.0,1.0,418.0
640,1.0,1.0,1.0,418.0
700,1.0,1.0,1.0,418.0
