radius,%_gp_captured,%_pface_covered,SC3PA,total_gp
100,0.28049,0.2556,1.09735,82.0
160,0.41463,0.50979,0.81334,82.0
220,0.68293,0.73082,0.93447,82.0
280,0.86585,0.86905,0.99632,82.0
340,0.93902,0.93731,1.00183,82.0
400,0.96341,0.9688,0.99444,82.0
460,0.9878,0.98661,1.00121,82.0
520,1.0,0.99388,1.00616,82.0
580,1.0,0.99799,1.00201,82.0
640,1.0,0.99985,1.00015,82.0
700,1.0,1.0,1.0,82.0
