radius,%_gp_captured,%_pface_covered,SC3PA,total_gp
100,0.19753,0.2556,0.7728,81.0
160,0.38272,0.50979,0.75073,81.0
220,0.69136,0.73082,0.94601,81.0
280,0.87654,0.86905,1.00862,81.0
340,0.97531,0.93731,1.04054,81.0
400,1.0,0.9688,1.0322,81.0
460,1.0,0.98661,1.01357,81.0
520,1.0,0.99388,1.00616,81.0
580,1.0,0.99799,1.00201,81.0
640,1.0,0.99985,1.00015,81.0
700,1.0,1.0,1.0,81.0
