radius,%_gp_captured,%_pface_covered,SC3PA,total_gp
100,0.19512,0.25872,0.75419,82.0
160,0.45122,0.50143,0.89986,82.0
220,0.73171,0.71291,1.02636,82.0
280,0.86585,0.86329,1.00297,82.0
340,0.96341,0.94176,1.02299,82.0
400,1.0,0.98177,1.01856,82.0
460,1.0,0.99448,1.00555,82.0
520,1.0,0.99886,1.00115,82.0
580,1.0,0.99995,1.00005,82.0
640,1.0,1.0,1.0,82.0
700,1.0,1.0,1.0,82.0
