radius,%_gp_captured,%_pface_covered,SC3PA,total_gp
100,0.18519,0.25872,0.71578,81.0
160,0.48148,0.50143,0.96021,81.0
220,0.7037,0.71291,0.98708,81.0
280,0.77778,0.86329,0.90095,81.0
340,0.88889,0.94176,0.94386,81.0
400,0.95062,0.98177,0.96826,81.0
460,0.98765,0.99448,0.99314,81.0
520,1.0,0.99886,1.00115,81.0
580,1.0,0.99995,1.00005,81.0
640,1.0,1.0,1.0,81.0
700,1.0,1.0,1.0,81.0
