radius,%_gp_captured,%_pface_covered,SC3PA,total_gp
100,0.19512,0.26176,0.74543,82.0
160,0.43902,0.50437,0.87044,82.0
220,0.64634,0.69846,0.92539,82.0
280,0.82927,0.82445,1.00585,82.0
340,0.89024,0.90648,0.98208,82.0
400,0.95122,0.95904,0.99184,82.0
460,0.97561,0.9865,0.98897,82.0
520,0.9878,0.99638,0.9914,82.0
580,1.0,0.99978,1.00022,82.0
640,1.0,1.0,1.0,82.0
700,1.0,1.0,1.0,82.0
