radius,%_gp_captured,%_pface_covered,SC3PA,total_gp
100,0.28395,0.26176,1.08478,81.0
160,0.39506,0.50437,0.78327,81.0
220,0.61728,0.69846,0.88378,81.0
280,0.80247,0.82445,0.97334,81.0
340,0.90123,0.90648,0.99421,81.0
400,0.96296,0.95904,1.00409,81.0
460,1.0,0.9865,1.01369,81.0
520,1.0,0.99638,1.00364,81.0
580,1.0,0.99978,1.00022,81.0
640,1.0,1.0,1.0,81.0
700,1.0,1.0,1.0,81.0
