radius,%_gp_captured,%_pface_covered,SC3PA,total_gp
100,0.70167,0.68221,1.02853,419.0
160,0.91169,0.92581,0.98475,419.0
220,0.97136,0.98661,0.98454,419.0
280,0.99761,0.99859,0.99902,419.0
340,1.0,1.0,1.0,419.0
400,1.0,1.0,1.0,419.0
460,1.0,1.0,1.0,419.0
520,1.0,1.0,1.0,419.0
580,1.0,1.0,1.0,419.0
640,1.0,1.0,1.0,419.0
700,1.0,1.0,1.0,419.0
