radius,%_gp_captured,%_pface_covered,SC3PA,total_gp
100,0.09756,0.16751,0.58242,82.0
160,0.28049,0.33838,0.82892,82.0
220,0.45122,0.5086,0.88717,82.0
280,0.59756,0.66497,0.89862,82.0
340,0.78049,0.78582,0.99321,82.0
400,0.89024,0.871,1.0221,82.0
460,0.91463,0.92748,0.98615,82.0
520,0.93902,0.96275,0.97536,82.0
580,0.97561,0.98388,0.9916,82.0
640,1.0,0.99659,1.00342,82.0
700,1.0,0.99991,1.00009,82.0
