og_centroid,closest_centroid,dist,cluster_id
"(5079.656, 5347.24)","(4.562, 4.418)",0.334,0.001
"(5136.858, 4975.242)","(4.511, 4.748)",0.334,0.007
"(4669.104, 5084.9839999999995)","(4.562, 4.418)",0.427,0.023
"(3860.7279999999996, 3468.232)","(3.475, 3.54)",0.462,0.002
"(3913.2383999999997, 3986.4096000000004)","(3.428, 3.08)",0.462,0.003
"(4315.384000000001, 4344.0960000000005)","(3.475, 3.54)",0.478,0.022
"(3128.202, 3619.4880000000003)","(3.428, 3.08)",0.664,0.0
"(6572.384000000001, 5972.687999999999)","(4.511, 4.748)",1.437,0.01
"(1407.48, 1079.808)","(2.778, 3.214)",2.724,0.015
