radius,%_gp_captured,%_pface_covered,SC3PA,total_gp
100,0.2561,0.26012,0.98453,82.0
160,0.46341,0.51769,0.89516,82.0
220,0.70732,0.73309,0.96485,82.0
280,0.85366,0.86771,0.9838,82.0
340,0.91463,0.92964,0.98386,82.0
400,0.97561,0.95325,1.02345,82.0
460,0.9878,0.96894,1.01947,82.0
520,0.9878,0.98108,1.00686,82.0
580,1.0,0.99091,1.00917,82.0
640,1.0,0.99714,1.00287,82.0
700,1.0,0.99944,1.00056,82.0
