radius,%_gp_captured,%_pface_covered,SC3PA,total_gp
100,0.23457,0.26012,0.90176,81.0
160,0.58025,0.51769,1.12085,81.0
220,0.76543,0.73309,1.04412,81.0
280,0.88889,0.86771,1.0244,81.0
340,0.95062,0.92964,1.02257,81.0
400,0.97531,0.95325,1.02314,81.0
460,1.0,0.96894,1.03205,81.0
520,1.0,0.98108,1.01929,81.0
580,1.0,0.99091,1.00917,81.0
640,1.0,0.99714,1.00287,81.0
700,1.0,0.99944,1.00056,81.0
