radius,%_gp_captured,%_img_covered,LCPI,total_gp
0.028,0.3333333333333333,0.5265850080864561,0.6330095392282906,6
0.062,1.0,0.9570101425472963,1.0449210050567244,6
0.095,1.0,1.0,1.0,6
0.129,1.0,1.0,1.0,6
0.162,1.0,1.0,1.0,6
0.196,1.0,1.0,1.0,6
0.23,1.0,1.0,1.0,6
0.263,1.0,1.0,1.0,6
0.297,1.0,1.0,1.0,6
0.331,1.0,1.0,1.0,6
0.364,1.0,1.0,1.0,6
