radius,%_gp_captured,%_pface_covered,SC3PA,total_gp
100,0.31707,0.2664,1.19021,82.0
160,0.54878,0.54432,1.00819,82.0
220,0.70732,0.77804,0.9091,82.0
280,0.91463,0.91748,0.9969,82.0
340,0.9878,0.97343,1.01477,82.0
400,1.0,0.9936,1.00644,82.0
460,1.0,0.99944,1.00056,82.0
520,1.0,1.0,1.0,82.0
580,1.0,1.0,1.0,82.0
640,1.0,1.0,1.0,82.0
700,1.0,1.0,1.0,82.0
