radius,%_gp_captured,%_pface_covered,SC3PA,total_gp
100,0.28395,0.2664,1.06588,81.0
160,0.58025,0.54432,1.066,81.0
220,0.7037,0.77804,0.90446,81.0
280,0.90123,0.91748,0.98229,81.0
340,0.95062,0.97343,0.97656,81.0
400,0.97531,0.9936,0.98159,81.0
460,1.0,0.99944,1.00056,81.0
520,1.0,1.0,1.0,81.0
580,1.0,1.0,1.0,81.0
640,1.0,1.0,1.0,81.0
700,1.0,1.0,1.0,81.0
