radius,%_gp_captured,%_img_covered,LCPI,total_gp
0.028,0.1,0.13981699651144397,0.7152206276424701,10
0.062,0.7,0.6854221652359979,1.0212684028958747,10
0.095,1.0,0.9261158800069937,1.0797784830041446,10
0.129,0.0,0.0,0.0,10
0.162,0.0,0.0,0.0,10
0.196,0.0,0.0,0.0,10
0.23,0.0,0.0,0.0,10
0.263,0.0,0.0,0.0,10
0.297,0.0,0.0,0.0,10
0.331,0.0,0.0,0.0,10
0.364,0.0,0.0,0.0,10
