radius,%_gp_captured,%_img_covered,LCPI,total_gp
0.028,0.0,0.13981699651144397,0.0,10
0.062,0.5,0.6854221652359979,0.7294774306399107,10
0.095,0.8,0.9261158800069937,0.8638227864033157,10
0.129,1.0,1.0,1.0,10
0.162,1.0,1.0,1.0,10
0.196,1.0,1.0,1.0,10
0.23,1.0,1.0,1.0,10
0.263,1.0,1.0,1.0,10
0.297,1.0,1.0,1.0,10
0.331,1.0,1.0,1.0,10
0.364,1.0,1.0,1.0,10
