radius,%_gp_captured,%_pface_covered,SC3PA,total_gp
100,0.2439,0.25863,0.94307,82.0
160,0.5122,0.50738,1.00949,82.0
220,0.64634,0.70719,0.91396,82.0
280,0.84146,0.84184,0.99955,82.0
340,0.96341,0.92234,1.04453,82.0
400,0.9878,0.96372,1.02499,82.0
460,1.0,0.98549,1.01472,82.0
520,1.0,0.99584,1.00418,82.0
580,1.0,0.99897,1.00103,82.0
640,1.0,0.99996,1.00004,82.0
700,1.0,1.0,1.0,82.0
