radius,%_gp_captured,%_pface_covered,SC3PA,total_gp
100,0.22222,0.25863,0.85924,81.0
160,0.40741,0.50738,0.80296,81.0
220,0.69136,0.70719,0.97761,81.0
280,0.80247,0.84184,0.95323,81.0
340,0.92593,0.92234,1.00389,81.0
400,0.93827,0.96372,0.97359,81.0
460,0.97531,0.98549,0.98967,81.0
520,1.0,0.99584,1.00418,81.0
580,1.0,0.99897,1.00103,81.0
640,1.0,0.99996,1.00004,81.0
700,1.0,1.0,1.0,81.0
