radius,%_gp_captured,%_pface_covered,SC3PA,total_gp
100,0.0348,0.02092,1.66304,546.0
160,0.12637,0.08412,1.50233,546.0
220,0.21795,0.17612,1.23748,546.0
280,0.33516,0.26505,1.26455,546.0
340,0.44322,0.35761,1.2394,546.0
400,0.52015,0.44602,1.1662,546.0
460,0.58059,0.52997,1.09551,546.0
520,0.63187,0.6155,1.02659,546.0
580,0.69048,0.68986,1.00089,546.0
640,0.75458,0.75028,1.00573,546.0
700,0.79304,0.80784,0.98168,546.0
