radius,%_gp_captured,%_pface_covered,SC3PA,total_gp
100,0.21951,0.2684,0.81786,82.0
160,0.56098,0.53051,1.05743,82.0
220,0.79268,0.7316,1.0835,82.0
280,0.85366,0.85188,1.00209,82.0
340,0.92683,0.92184,1.00541,82.0
400,0.95122,0.96062,0.99021,82.0
460,0.9878,0.98404,1.00383,82.0
520,0.9878,0.99479,0.99298,82.0
580,0.9878,0.99914,0.98865,82.0
640,1.0,1.0,1.0,82.0
700,1.0,1.0,1.0,82.0
