radius,%_gp_captured,%_pface_covered,SC3PA,total_gp
100,0.20988,0.2684,0.78196,81.0
160,0.44444,0.53051,0.83777,81.0
220,0.60494,0.7316,0.82688,81.0
280,0.80247,0.85188,0.942,81.0
340,0.91358,0.92184,0.99104,81.0
400,0.97531,0.96062,1.01529,81.0
460,0.97531,0.98404,0.99113,81.0
520,0.97531,0.99479,0.98042,81.0
580,1.0,0.99914,1.00086,81.0
640,1.0,1.0,1.0,81.0
700,1.0,1.0,1.0,81.0
