radius,%_gp_captured,%_pface_covered,SC3PA,total_gp
100,0.23171,0.16751,1.38326,82.0
160,0.42683,0.33838,1.26139,82.0
220,0.54878,0.5086,1.079,82.0
280,0.69512,0.66497,1.04534,82.0
340,0.79268,0.78582,1.00873,82.0
400,0.81707,0.871,0.93809,82.0
460,0.86585,0.92748,0.93356,82.0
520,0.93902,0.96275,0.97536,82.0
580,1.0,0.98388,1.01639,82.0
640,1.0,0.99659,1.00342,82.0
700,1.0,0.99991,1.00009,82.0
