radius,%_gp_captured,%_pface_covered,SC3PA,total_gp
100,0.15854,0.16751,0.94644,82.0
160,0.36585,0.33838,1.08119,82.0
220,0.5,0.5086,0.98308,82.0
280,0.65854,0.66497,0.99032,82.0
340,0.76829,0.78582,0.97769,82.0
400,0.90244,0.871,1.0361,82.0
460,0.97561,0.92748,1.05189,82.0
520,0.97561,0.96275,1.01336,82.0
580,1.0,0.98388,1.01639,82.0
640,1.0,0.99659,1.00342,82.0
700,1.0,0.99991,1.00009,82.0
