radius,%_gp_captured,%_pface_covered,SC3PA,total_gp
100,0.31707,0.25622,1.23748,82.0
160,0.53659,0.49672,1.08025,82.0
220,0.70732,0.6988,1.01218,82.0
280,0.84146,0.83169,1.01175,82.0
340,0.95122,0.91071,1.04448,82.0
400,0.96341,0.95957,1.00401,82.0
460,0.9878,0.99115,0.99663,82.0
520,1.0,0.99972,1.00028,82.0
580,1.0,1.0,1.0,82.0
640,1.0,1.0,1.0,82.0
700,1.0,1.0,1.0,82.0
