radius,%_gp_captured,%_pface_covered,SC3PA,total_gp
100,0.2716,0.25622,1.06003,81.0
160,0.46914,0.49672,0.94446,81.0
220,0.66667,0.6988,0.95401,81.0
280,0.76543,0.83169,0.92033,81.0
340,0.92593,0.91071,1.0167,81.0
400,0.97531,0.95957,1.01641,81.0
460,1.0,0.99115,1.00893,81.0
520,1.0,0.99972,1.00028,81.0
580,1.0,1.0,1.0,81.0
640,1.0,1.0,1.0,81.0
700,1.0,1.0,1.0,81.0
