radius,%_gp_captured,%_pface_covered,SC3PA,total_gp
100,0.65632,0.65262,1.00567,419.0
160,0.91647,0.91279,1.00403,419.0
220,0.98807,0.98439,1.00373,419.0
280,1.0,0.99841,1.00159,419.0
340,1.0,0.99993,1.00007,419.0
400,1.0,1.0,1.0,419.0
460,1.0,1.0,1.0,419.0
520,1.0,1.0,1.0,419.0
580,1.0,1.0,1.0,419.0
640,1.0,1.0,1.0,419.0
700,1.0,1.0,1.0,419.0
