radius,%_gp_captured,%_pface_covered,SC3PA,total_gp
100,0.67464,0.65262,1.03374,418.0
160,0.94019,0.91279,1.03002,418.0
220,0.99282,0.98439,1.00857,418.0
280,0.99761,0.99841,0.9992,418.0
340,1.0,0.99993,1.00007,418.0
400,1.0,1.0,1.0,418.0
460,1.0,1.0,1.0,418.0
520,1.0,1.0,1.0,418.0
580,1.0,1.0,1.0,418.0
640,1.0,1.0,1.0,418.0
700,1.0,1.0,1.0,418.0
