radius,%_gp_captured,%_pface_covered,SC3PA,total_gp
100,0.68735,0.66545,1.03291,419.0
160,0.94033,0.92348,1.01826,419.0
220,0.98807,0.98457,1.00355,419.0
280,0.99761,0.99595,1.00167,419.0
340,1.0,0.99926,1.00074,419.0
400,1.0,1.0,1.0,419.0
460,1.0,1.0,1.0,419.0
520,1.0,1.0,1.0,419.0
580,1.0,1.0,1.0,419.0
640,1.0,1.0,1.0,419.0
700,1.0,1.0,1.0,419.0
