radius,%_gp_captured,%_pface_covered,SC3PA,total_gp
100,0.68421,0.66545,1.02819,418.0
160,0.95933,0.92348,1.03883,418.0
220,1.0,0.98457,1.01567,418.0
280,1.0,0.99595,1.00407,418.0
340,1.0,0.99926,1.00074,418.0
400,1.0,1.0,1.0,418.0
460,1.0,1.0,1.0,418.0
520,1.0,1.0,1.0,418.0
580,1.0,1.0,1.0,418.0
640,1.0,1.0,1.0,418.0
700,1.0,1.0,1.0,418.0
