radius,%_gp_captured,%_pface_covered,SC3PA,total_gp
100,0.81146,0.80458,1.00855,419.0
160,0.9642,0.96651,0.99761,419.0
220,0.99523,0.99455,1.00068,419.0
280,1.0,0.99995,1.00005,419.0
340,1.0,1.0,1.0,419.0
400,1.0,1.0,1.0,419.0
460,1.0,1.0,1.0,419.0
520,1.0,1.0,1.0,419.0
580,1.0,1.0,1.0,419.0
640,1.0,1.0,1.0,419.0
700,1.0,1.0,1.0,419.0
