radius,%_gp_captured,%_pface_covered,SC3PA,total_gp
100,0.19512,0.25137,0.77623,82.0
160,0.43902,0.50162,0.87521,82.0
220,0.78049,0.70235,1.11125,82.0
280,0.86585,0.83006,1.04312,82.0
340,0.91463,0.90958,1.00556,82.0
400,0.92683,0.96072,0.96472,82.0
460,0.95122,0.98795,0.96282,82.0
520,0.97561,0.99492,0.98059,82.0
580,0.9878,0.99813,0.98966,82.0
640,1.0,0.99959,1.00041,82.0
700,1.0,1.0,1.0,82.0
