radius,%_gp_captured,%_pface_covered,SC3PA,total_gp
100,0.2716,0.25137,1.0805,81.0
160,0.48148,0.50162,0.95985,81.0
220,0.69136,0.70235,0.98435,81.0
280,0.83951,0.83006,1.01137,81.0
340,0.88889,0.90958,0.97725,81.0
400,0.96296,0.96072,1.00234,81.0
460,0.98765,0.98795,0.9997,81.0
520,1.0,0.99492,1.00511,81.0
580,1.0,0.99813,1.00187,81.0
640,1.0,0.99959,1.00041,81.0
700,1.0,1.0,1.0,81.0
