radius,%_gp_captured,%_pface_covered,SC3PA,total_gp
100,0.2439,0.26944,0.90523,82.0
160,0.53659,0.5294,1.01357,82.0
220,0.71951,0.74754,0.96251,82.0
280,0.93902,0.87625,1.07164,82.0
340,0.95122,0.946,1.00552,82.0
400,0.9878,0.97981,1.00816,82.0
460,1.0,0.99277,1.00728,82.0
520,1.0,0.99967,1.00033,82.0
580,1.0,1.0,1.0,82.0
640,1.0,1.0,1.0,82.0
700,1.0,1.0,1.0,82.0
