radius,%_gp_captured,%_pface_covered,SC3PA,total_gp
100,0.19753,0.26944,0.73313,81.0
160,0.48148,0.5294,0.90948,81.0
220,0.65432,0.74754,0.8753,81.0
280,0.83951,0.87625,0.95807,81.0
340,0.90123,0.946,0.95268,81.0
400,0.96296,0.97981,0.98281,81.0
460,0.98765,0.99277,0.99484,81.0
520,1.0,0.99967,1.00033,81.0
580,1.0,1.0,1.0,81.0
640,1.0,1.0,1.0,81.0
700,1.0,1.0,1.0,81.0
