radius,%_gp_captured,%_pface_covered,SC3PA,total_gp
100,0.28049,0.27019,1.03811,82.0
160,0.5,0.5379,0.92954,82.0
220,0.7439,0.7428,1.00148,82.0
280,0.89024,0.87173,1.02123,82.0
340,0.97561,0.94935,1.02766,82.0
400,0.9878,0.98852,0.99927,82.0
460,1.0,0.99952,1.00048,82.0
520,1.0,1.0,1.0,82.0
580,1.0,1.0,1.0,82.0
640,1.0,1.0,1.0,82.0
700,1.0,1.0,1.0,82.0
