radius,%_gp_captured,%_pface_covered,SC3PA,total_gp
100,0.30864,0.27019,1.14231,81.0
160,0.5679,0.5379,1.05578,81.0
220,0.77778,0.7428,1.04709,81.0
280,0.91358,0.87173,1.048,81.0
340,0.93827,0.94935,0.98833,81.0
400,0.97531,0.98852,0.98663,81.0
460,1.0,0.99952,1.00048,81.0
520,1.0,1.0,1.0,81.0
580,1.0,1.0,1.0,81.0
640,1.0,1.0,1.0,81.0
700,1.0,1.0,1.0,81.0
