radius,%_gp_captured,%_pface_covered,SC3PA,total_gp
100,0.7136,0.69594,1.02538,419.0
160,0.94511,0.93718,1.00846,419.0
220,0.99761,0.98823,1.0095,419.0
280,1.0,0.99799,1.00201,419.0
340,1.0,1.0,1.0,419.0
400,1.0,1.0,1.0,419.0
460,1.0,1.0,1.0,419.0
520,1.0,1.0,1.0,419.0
580,1.0,1.0,1.0,419.0
640,1.0,1.0,1.0,419.0
700,1.0,1.0,1.0,419.0
