radius,%_gp_captured,%_pface_covered,SC3PA,total_gp
100,0.67943,0.69594,0.97627,418.0
160,0.92344,0.93718,0.98534,418.0
220,0.99043,0.98823,1.00223,418.0
280,1.0,0.99799,1.00201,418.0
340,1.0,1.0,1.0,418.0
400,1.0,1.0,1.0,418.0
460,1.0,1.0,1.0,418.0
520,1.0,1.0,1.0,418.0
580,1.0,1.0,1.0,418.0
640,1.0,1.0,1.0,418.0
700,1.0,1.0,1.0,418.0
