radius,%_gp_captured,%_pface_covered,SC3PA,total_gp
100,0.34146,0.26475,1.28977,82.0
160,0.53659,0.52657,1.01902,82.0
220,0.79268,0.73817,1.07384,82.0
280,0.89024,0.86573,1.02831,82.0
340,0.96341,0.93586,1.02944,82.0
400,0.9878,0.96978,1.01859,82.0
460,0.9878,0.98727,1.00054,82.0
520,1.0,0.99564,1.00438,82.0
580,1.0,0.99898,1.00102,82.0
640,1.0,1.0,1.0,82.0
700,1.0,1.0,1.0,82.0
