radius,%_gp_captured,%_pface_covered,SC3PA,total_gp
100,0.22222,0.26475,0.83938,81.0
160,0.5679,0.52657,1.07849,81.0
220,0.74074,0.73817,1.00348,81.0
280,0.85185,0.86573,0.98396,81.0
340,0.95062,0.93586,1.01577,81.0
400,1.0,0.96978,1.03117,81.0
460,1.0,0.98727,1.01289,81.0
520,1.0,0.99564,1.00438,81.0
580,1.0,0.99898,1.00102,81.0
640,1.0,1.0,1.0,81.0
700,1.0,1.0,1.0,81.0
