radius,%_gp_captured,%_pface_covered,SC3PA,total_gp
100,0.20732,0.25951,0.79887,82.0
160,0.5,0.51612,0.96876,82.0
220,0.62195,0.7307,0.85117,82.0
280,0.86585,0.87496,0.98959,82.0
340,0.9878,0.95035,1.03942,82.0
400,1.0,0.98166,1.01868,82.0
460,1.0,0.99324,1.00681,82.0
520,1.0,0.99743,1.00258,82.0
580,1.0,0.99936,1.00064,82.0
640,1.0,1.0,1.0,82.0
700,1.0,1.0,1.0,82.0
