radius,%_gp_captured,%_pface_covered,SC3PA,total_gp
100,0.26829,0.26287,1.02064,82.0
160,0.60976,0.52644,1.15827,82.0
220,0.71951,0.723,0.99518,82.0
280,0.82927,0.84184,0.98507,82.0
340,0.90244,0.91412,0.98722,82.0
400,0.96341,0.95377,1.01011,82.0
460,0.9878,0.9755,1.01262,82.0
520,1.0,0.98807,1.01208,82.0
580,1.0,0.99458,1.00545,82.0
640,1.0,0.99928,1.00072,82.0
700,1.0,1.0,1.0,82.0
