radius,%_gp_captured,%_pface_covered,SC3PA,total_gp
100,0.30864,0.26287,1.17413,81.0
160,0.48148,0.52644,0.9146,81.0
220,0.71605,0.723,0.99039,81.0
280,0.82716,0.84184,0.98256,81.0
340,0.95062,0.91412,1.03992,81.0
400,0.98765,0.95377,1.03552,81.0
460,1.0,0.9755,1.02512,81.0
520,1.0,0.98807,1.01208,81.0
580,1.0,0.99458,1.00545,81.0
640,1.0,0.99928,1.00072,81.0
700,1.0,1.0,1.0,81.0
