radius,%_gp_captured,%_pface_covered,SC3PA,total_gp
100,0.21951,0.26237,0.83667,82.0
160,0.5122,0.52174,0.9817,82.0
220,0.68293,0.7381,0.92525,82.0
280,0.80488,0.87585,0.91897,82.0
340,0.93902,0.95367,0.98464,82.0
400,0.97561,0.98673,0.98873,82.0
460,1.0,0.99648,1.00353,82.0
520,1.0,0.99982,1.00018,82.0
580,1.0,1.0,1.0,82.0
640,1.0,1.0,1.0,82.0
700,1.0,1.0,1.0,82.0
