radius,%_gp_captured,%_pface_covered,SC3PA,total_gp
100,0.35802,0.26237,1.3646,81.0
160,0.59259,0.52174,1.1358,81.0
220,0.82716,0.7381,1.12066,81.0
280,0.92593,0.87585,1.05717,81.0
340,0.97531,0.95367,1.02269,81.0
400,1.0,0.98673,1.01345,81.0
460,1.0,0.99648,1.00353,81.0
520,1.0,0.99982,1.00018,81.0
580,1.0,1.0,1.0,81.0
640,1.0,1.0,1.0,81.0
700,1.0,1.0,1.0,81.0
