radius,%_gp_captured,%_pface_covered,SC3PA,total_gp
100,0.68735,0.66931,1.02696,419.0
160,0.94033,0.93288,1.008,419.0
220,0.99761,0.99201,1.00565,419.0
280,1.0,0.99886,1.00115,419.0
340,1.0,1.0,1.0,419.0
400,1.0,1.0,1.0,419.0
460,1.0,1.0,1.0,419.0
520,1.0,1.0,1.0,419.0
580,1.0,1.0,1.0,419.0
640,1.0,1.0,1.0,419.0
700,1.0,1.0,1.0,419.0
