radius,%_gp_captured,%_pface_covered,SC3PA,total_gp
100,0.7177,0.66931,1.07231,418.0
160,0.94976,0.93288,1.0181,418.0
220,1.0,0.99201,1.00805,418.0
280,1.0,0.99886,1.00115,418.0
340,1.0,1.0,1.0,418.0
400,1.0,1.0,1.0,418.0
460,1.0,1.0,1.0,418.0
520,1.0,1.0,1.0,418.0
580,1.0,1.0,1.0,418.0
640,1.0,1.0,1.0,418.0
700,1.0,1.0,1.0,418.0
