radius,%_gp_captured,%_pface_covered,SC3PA,total_gp
100,0.5,0.64985,0.76941,10.0
160,0.6,0.82575,0.72661,10.0
220,1.0,0.98241,1.0179,10.0
280,1.0,1.0,1.0,10.0
340,1.0,1.0,1.0,10.0
400,1.0,1.0,1.0,10.0
460,1.0,1.0,1.0,10.0
520,1.0,1.0,1.0,10.0
580,1.0,1.0,1.0,10.0
640,1.0,1.0,1.0,10.0
700,1.0,1.0,1.0,10.0
