radius,%_gp_captured,%_pface_covered,SC3PA,total_gp
100,0.6,0.64985,0.92329,10.0
160,0.7,0.82575,0.84772,10.0
220,0.8,0.98241,0.81432,10.0
280,1.0,1.0,1.0,10.0
340,1.0,1.0,1.0,10.0
400,1.0,1.0,1.0,10.0
460,1.0,1.0,1.0,10.0
520,1.0,1.0,1.0,10.0
580,1.0,1.0,1.0,10.0
640,1.0,1.0,1.0,10.0
700,1.0,1.0,1.0,10.0
