radius,%_gp_captured,%_pface_covered,SC3PA,total_gp
100,0.37037,0.26461,1.39966,81.0
160,0.50617,0.52587,0.96254,81.0
220,0.62963,0.73644,0.85496,81.0
280,0.82716,0.84823,0.97516,81.0
340,0.91358,0.90536,1.00908,81.0
400,0.95062,0.93392,1.01788,81.0
460,0.96296,0.95336,1.01007,81.0
520,1.0,0.96906,1.03192,81.0
580,1.0,0.98009,1.02032,81.0
640,1.0,0.99042,1.00967,81.0
700,1.0,0.99804,1.00197,81.0
