radius,%_gp_captured,%_pface_covered,SC3PA,total_gp
100,0.32927,0.25528,1.28984,82.0
160,0.5122,0.49176,1.04156,82.0
220,0.7561,0.69487,1.08811,82.0
280,0.87805,0.83754,1.04837,82.0
340,0.92683,0.92108,1.00624,82.0
400,0.97561,0.96083,1.01539,82.0
460,0.9878,0.98143,1.00649,82.0
520,1.0,0.99248,1.00758,82.0
580,1.0,0.99804,1.00197,82.0
640,1.0,0.99961,1.00039,82.0
700,1.0,1.0,1.0,82.0
