radius,%_gp_captured,%_pface_covered,SC3PA,total_gp
100,0.18519,0.25528,0.72542,81.0
160,0.46914,0.49176,0.954,81.0
220,0.69136,0.69487,0.99494,81.0
280,0.82716,0.83754,0.98761,81.0
340,0.91358,0.92108,0.99186,81.0
400,1.0,0.96083,1.04077,81.0
460,1.0,0.98143,1.01892,81.0
520,1.0,0.99248,1.00758,81.0
580,1.0,0.99804,1.00197,81.0
640,1.0,0.99961,1.00039,81.0
700,1.0,1.0,1.0,81.0
