radius,%_gp_captured,%_pface_covered,SC3PA,total_gp
100,0.32927,0.25536,1.28944,82.0
160,0.56098,0.50474,1.11142,82.0
220,0.70732,0.71352,0.99131,82.0
280,0.84146,0.85867,0.97996,82.0
340,0.91463,0.93448,0.97877,82.0
400,0.95122,0.97157,0.97906,82.0
460,1.0,0.98827,1.01186,82.0
520,1.0,0.99566,1.00436,82.0
580,1.0,0.99855,1.00145,82.0
640,1.0,0.99994,1.00006,82.0
700,1.0,1.0,1.0,82.0
