radius,%_gp_captured,%_pface_covered,SC3PA,total_gp
100,0.19753,0.25536,0.77355,81.0
160,0.50617,0.50474,1.00284,81.0
220,0.71605,0.71352,1.00355,81.0
280,0.83951,0.85867,0.97769,81.0
340,0.96296,0.93448,1.03048,81.0
400,0.97531,0.97157,1.00385,81.0
460,0.98765,0.98827,0.99937,81.0
520,0.98765,0.99566,0.99196,81.0
580,0.98765,0.99855,0.98909,81.0
640,1.0,0.99994,1.00006,81.0
700,1.0,1.0,1.0,81.0
