radius,%_gp_captured,%_img_covered,LCPI,total_gp
0.028,0.47058823529411764,0.24441538708781976,1.9253625596208177,17
0.062,0.7058823529411765,0.6966485017604862,1.0132546774411424,17
0.095,0.0,0.0,0.0,17
0.129,0.0,0.0,0.0,17
0.162,0.0,0.0,0.0,17
0.196,0.0,0.0,0.0,17
0.23,0.0,0.0,0.0,17
0.263,0.0,0.0,0.0,17
0.297,0.0,0.0,0.0,17
0.331,0.0,0.0,0.0,17
0.364,0.0,0.0,0.0,17
