radius,%_gp_captured,%_img_covered,LCPI,total_gp
0.028,0.17647058823529413,0.24441538708781976,0.7220109598578067,17
0.062,0.7058823529411765,0.6966485017604862,1.0132546774411424,17
0.095,0.8823529411764706,0.9075123818428857,0.9722764766963026,17
0.129,1.0,0.9906752669949012,1.0094125020738474,17
0.162,1.0,1.0,1.0,17
0.196,1.0,1.0,1.0,17
0.23,1.0,1.0,1.0,17
0.263,1.0,1.0,1.0,17
0.297,1.0,1.0,1.0,17
0.331,1.0,1.0,1.0,17
0.364,1.0,1.0,1.0,17
