radius,%_gp_captured,%_pface_covered,SC3PA,total_gp
100,0.67303,0.64039,1.05097,419.0
160,0.89021,0.90484,0.98384,419.0
220,0.97375,0.97782,0.99583,419.0
280,0.99523,0.99474,1.00049,419.0
340,1.0,0.99852,1.00148,419.0
400,1.0,0.9997,1.0003,419.0
460,1.0,1.0,1.0,419.0
520,1.0,1.0,1.0,419.0
580,1.0,1.0,1.0,419.0
640,1.0,1.0,1.0,419.0
700,1.0,1.0,1.0,419.0
