radius,%_gp_captured,%_pface_covered,SC3PA,total_gp
100,0.63636,0.64039,0.99371,418.0
160,0.88517,0.90484,0.97826,418.0
220,0.98086,0.97782,1.00311,418.0
280,0.98804,0.99474,0.99327,418.0
340,1.0,0.99852,1.00148,418.0
400,1.0,0.9997,1.0003,418.0
460,1.0,1.0,1.0,418.0
520,1.0,1.0,1.0,418.0
580,1.0,1.0,1.0,418.0
640,1.0,1.0,1.0,418.0
700,1.0,1.0,1.0,418.0
