radius,%_gp_captured,%_pface_covered,SC3PA,total_gp
100,0.67064,0.66238,1.01248,419.0
160,0.90931,0.92171,0.98654,419.0
220,0.99284,0.98536,1.00759,419.0
280,1.0,0.99855,1.00145,419.0
340,1.0,1.0,1.0,419.0
400,1.0,1.0,1.0,419.0
460,1.0,1.0,1.0,419.0
520,1.0,1.0,1.0,419.0
580,1.0,1.0,1.0,419.0
640,1.0,1.0,1.0,419.0
700,1.0,1.0,1.0,419.0
