radius,%_gp_captured,%_pface_covered,SC3PA,total_gp
100,0.67703,0.66238,1.02212,418.0
160,0.95933,0.92171,1.04082,418.0
220,0.98804,0.98536,1.00271,418.0
280,1.0,0.99855,1.00145,418.0
340,1.0,1.0,1.0,418.0
400,1.0,1.0,1.0,418.0
460,1.0,1.0,1.0,418.0
520,1.0,1.0,1.0,418.0
580,1.0,1.0,1.0,418.0
640,1.0,1.0,1.0,418.0
700,1.0,1.0,1.0,418.0
